step,lr,epoch,train_loss,train_acc,val_loss,val_acc
1,0.005,1,0.99894452791214,0.2678,0.9234492644309997,0.3125
2,0.00375,2,0.8438627823829651,0.3644,0.891455518245697,0.3495
3,0.0012500000000000005,3,0.7660173761367798,0.4222,0.7456626675605774,0.4447
