step,lr,epoch,train_loss,train_acc,val_loss,val_acc
1,0.005,1,0.4419516623020172,0.166,0.47158250093460086,0.1
2,0.0045225424859373685,2,0.40207399725914,0.24,0.5831043553352356,0.1066
3,0.0032725424859373683,3,0.3749000132083893,0.309,0.5006647950410843,0.1413
4,0.0017274575140626314,4,0.36770567297935486,0.327,0.42956397056579587,0.1966
5,0.0004774575140626316,5,0.3533327549695969,0.366,0.38479663074016573,0.2623
