step,lr,epoch,train_loss,train_acc,val_loss,val_acc
1,0.0005,1,0.3847707509994507,0.0,0.3837386671066284,0.098
2,0.000375,2,0.3767947753270467,0.3333333333333333,0.3837395979563395,0.098
3,0.00012500000000000006,3,0.3694634437561035,1.0,0.38374069582621256,0.098
