step,lr,epoch,train_loss,train_acc,val_loss,val_acc
1,0.005,1,0.9512792810440064,0.3472,0.8668792587280273,0.35
2,0.00375,2,0.7827392137527466,0.4514,0.7200392108917236,0.4829
3,0.0012500000000000005,3,0.7134354278564453,0.5045,0.6673056591033936,0.5299
