step,lr,epoch,train_loss,train_acc,val_loss,val_acc
1,0.005,1,0.912060017490387,0.3132,0.9808473004341125,0.3348
2,0.00375,2,0.8124604040145874,0.3957,0.7930248479843139,0.4104
3,0.0012500000000000005,3,0.7317888199806213,0.4613,0.6948722778320312,0.477
