step,lr,epoch,train_loss,train_acc,val_loss,val_acc
1,0.005,1,1.0052499178886414,0.2659,0.9844357216835022,0.3144
2,0.00375,2,0.8625239518165588,0.3606,0.9036193781852723,0.3552
3,0.0012500000000000005,3,0.7797791408538819,0.4233,0.7259078513145447,0.4627
