step,lr,epoch,train_loss,train_acc,val_loss,val_acc
1,0.005,1,1.9013352687835694,0.3378,1.6362108028411866,0.4458
2,0.005,2,1.5695744316101075,0.4465,1.4552260229110718,0.488
3,0.005,3,1.4439094036102296,0.5002,1.3604364267349243,0.5227
