step,lr,epoch,train_loss,train_acc,val_loss,val_acc
1,0.005,1,2.0089458757400513,0.2488,2.4194578380584715,0.2505
2,0.0049987664009143295,2,1.8557676601409911,0.3016,1.9893403511047363,0.2625
3,0.00499506682107068,3,1.7800170124053956,0.317,2.284933912277222,0.256125
4,0.004988904911507701,4,1.7145999063491821,0.3582,1.7301931114196778,0.3605
5,0.004980286753286196,5,1.652587506866455,0.3822,1.9161778259277344,0.314125
