step,lr,epoch,train_loss,train_acc,val_loss,val_acc
1,0.005,1,2.0569006549835205,0.244,1.8931975826263427,0.2925
2,0.0037500000000000597,2,1.78530953540802,0.3236,1.7151936000823975,0.365
3,0.0012500000000000276,3,1.6632059822082519,0.3816,1.5960091527938842,0.4081
