step,lr,epoch,train_loss,train_acc,val_loss,val_acc
1,0.005,1,0.4547423481941223,0.143,0.46187208592891693,0.1
2,0.0045225424859373685,2,0.4384373962879181,0.206,0.470057960152626,0.1004
3,0.0032725424859373683,3,0.42343289852142335,0.24,0.48148981750011444,0.1582
4,0.0017274575140626314,4,0.4166750729084015,0.241,0.4636243796348572,0.1646
5,0.0004774575140626316,5,0.41042858362197876,0.258,0.4302375411987305,0.1772
