step,lr,epoch,train_loss,train_acc,val_loss,val_acc
1,0.005,1,0.30227093648910525,0.3276,0.2913791111946106,0.3505
