step,lr,epoch,train_loss,train_acc,val_loss,val_acc
1,0.005,1,0.31885389232635497,0.3405,0.3005451954205831,0.362
