step,lr,epoch,train_loss,train_acc,val_loss,val_acc
1,0.005,1,2.128574824523926,0.193,3.503045036315918,0.161125
2,0.0049987664009143295,2,2.0136166160583495,0.2356,2.6325448112487795,0.18225
3,0.00499506682107068,3,1.9844157369613646,0.2456,2.192898639678955,0.204
4,0.004988904911507701,4,1.9677479446411132,0.2548,3.007282476425171,0.2005
5,0.004980286753286196,5,1.9698531219482422,0.242,2.3680133457183836,0.25575
