step,lr,epoch,train_loss,train_acc,val_loss,val_acc
1,0.005,1,1.7689228324890136,0.3323,2.248348893737793,0.2798
2,0.00375,2,1.5496949529647828,0.4271,1.8013003688812257,0.3729
3,0.0012500000000000005,3,1.4088434038162232,0.4876,1.3318042972564696,0.5168
