step,lr,epoch,train_loss,train_acc,val_loss,val_acc
1,0.0005,1,2.0167919668197634,0.3341,,
2,0.0004999691581204152,2,1.5700513460159302,0.4373,1.424260551071167,0.4922
3,0.0004998766400914329,3,1.399623159980774,0.4885,,
4,0.0004997224687404926,4,1.3075192087173462,0.5278,1.2984575883865357,0.5338
5,0.0004995066821070679,5,1.2290090398788451,0.5611,,
