step,lr,epoch,train_loss,train_acc,val_loss,val_acc
1,0.0005,1,15.227980123138428,0.2962,,
2,0.0004999691581204152,2,6.94206379699707,0.3821,11.099880182647706,0.3354
3,0.0004998766400914329,3,5.040487688446045,0.4237,,
4,0.0004997224687404926,4,4.508821900177002,0.4445,4.048033756256103,0.4889
5,0.0004995066821070679,5,3.509321823501587,0.4786,,
