step,lr,epoch,train_loss,train_acc,val_loss,val_acc
1,0.005,1,1.9717958572387695,0.253,2.5116038024902343,0.2619
