step,lr,epoch,train_loss,train_acc,val_loss,val_acc
1,0.005,1,0.326154806359609,0.2685,0.341893514474233,0.3123
