step,lr,epoch,train_loss,train_acc,val_loss,val_acc
1,0.005,1,0.4499263226985931,0.146,0.45630755364894865,0.1538
2,0.0045225424859373685,2,0.4232741355895996,0.233,0.45804191470146177,0.1455
3,0.0032725424859373683,3,0.4032835096120834,0.265,0.43697101473808286,0.1838
4,0.0017274575140626314,4,0.3947292059659958,0.268,0.4137947431206703,0.2167
5,0.0004774575140626316,5,0.3872023046016693,0.279,0.3994401368498802,0.2452
