step,lr,epoch,train_loss,train_acc,val_loss,val_acc
1,0.005,1,0.3181825591723124,0.3427,0.28250220467249554,0.3764
