step,lr,epoch,train_loss
1,0.001,1,0.7193164992332458
2,0.001,2,0.5646257507801056
3,0.001,3,0.3407671117782593
4,0.001,4,0.2827184498310089
5,0.001,5,0.2499249267578125
