step,lr,epoch,train_loss,train_acc,val_loss,val_acc
1,0.005,1,0.3031363237698873,0.3141,0.41555019982655844,0.2661
