step,lr,epoch,train_loss,train_acc,val_loss,val_acc
1,0.005,1,2.090404092788696,0.2274,2.6914803733825683,0.213125
2,0.0049987664009143295,2,1.9513641849517822,0.2722,2.1412824821472167,0.216
3,0.00499506682107068,3,1.8716187782287597,0.2922,2.2752406578063966,0.24225
4,0.004988904911507701,4,1.7883141563415528,0.3274,1.7659870977401733,0.3305
5,0.004980286753286196,5,1.734257541656494,0.3384,2.046230323791504,0.275
