step,lr,epoch,train_loss,train_acc,val_loss,val_acc
1,0.005,1,0.9259786549568176,0.3114,1.0796663387298584,0.3022
