step,lr,epoch,train_loss,train_acc,val_loss,val_acc
1,0.005,1,1.7493446691513062,0.3558,2.597217060089111,0.2723
2,0.00375,2,1.497411198616028,0.452,1.5087911195755004,0.4544
3,0.0012500000000000005,3,1.3449208126068115,0.5194,1.3116081438064575,0.5149
