step,lr,epoch,train_loss,train_acc,val_loss,val_acc
1,0.005,1,0.30035232464472456,0.3608,0.400319238726298,0.307
