step,lr,epoch,train_loss,train_acc,val_loss,val_acc
1,0.005,1,0.9252392236709595,0.2989,1.0134712173461915,0.3184
2,0.00375,2,0.8004611324310302,0.402,0.8425322648048401,0.3886
3,0.0012500000000000005,3,0.7265885400772095,0.4676,0.7018284996032715,0.4815
