step,lr,epoch,train_loss,train_acc,val_loss,val_acc
1,0.005,1,0.33629723726908367,0.2628,0.3320649965286255,0.2961
