step,lr,epoch,train_loss,train_acc,val_loss,val_acc
1,0.0005,1,0.382745901743571,0.3333333333333333,0.3837659958521525,0.1
2,0.000375,2,0.3748557170232137,1.0,0.38376614151000976,0.1
3,0.00012500000000000006,3,0.3657772938410441,1.0,0.3837662296930949,0.1
