step,lr,epoch,train_loss,train_acc
1,0.0005,1,0.3846480614344279,0.102
2,0.0004999996915749259,2,0.3732769079208374,0.176
3,0.0004999987663004646,3,0.36349376424153645,0.22
4,0.000499997224178899,4,0.35340607007344566,0.252
5,0.0004999950652140343,5,0.3453578039805094,0.288
