step,lr,epoch,train_loss,train_acc,val_loss,val_acc
1,0.005,1,0.3341995838801066,0.2691,0.33370325927734373,0.2965
