step,lr,epoch,train_loss,train_acc,val_loss,val_acc
1,0.005,1,2.124858900642395,0.1918,3.2583381423950195,0.16
2,0.0049987664009143295,2,2.026881694793701,0.2274,2.8267246952056886,0.187125
3,0.00499506682107068,3,1.9899565511703492,0.2372,2.0945636405944823,0.26
4,0.004988904911507701,4,1.9760144786834717,0.2416,1.8939140062332154,0.25275
5,0.004980286753286196,5,1.9807362243652344,0.237,1.8121060457229614,0.272375
