step,lr,epoch,train_loss,train_acc,val_loss,val_acc
1,0.005,1,0.9716898575782776,0.2754,1.0150133333206177,0.2932
2,0.00375,2,0.8220162186622619,0.3886,0.787194400882721,0.4201
3,0.0012500000000000005,3,0.7415954538345337,0.4503,0.7157399208068848,0.4688
