step,lr,epoch,train_loss,train_acc,val_loss,val_acc
1,0.005,1,0.2991523718516032,0.3586,0.44506645577748616,0.2437
