step,lr,epoch,train_loss,train_acc,val_loss,val_acc
1,0.005,1,1.9820747524261475,0.2668,2.327651584625244,0.2513
