step,lr,epoch,train_loss,train_acc,val_loss,val_acc
1,0.005,1,0.9585992651939392,0.3365,0.8910251641273499,0.389
2,0.00375,2,0.7874634527206421,0.4457,0.8580408926010132,0.3885
3,0.0012500000000000005,3,0.7177461227416992,0.5004,0.6693981469154358,0.5245
