step,lr,epoch,train_loss,train_acc,val_loss,val_acc
1,0.005,1,0.9368904910087585,0.2976,0.9706833664894104,0.3272
2,0.00375,2,0.8179002091407775,0.3956,0.8365728277206421,0.3725
3,0.0012500000000000005,3,0.7529795713424683,0.4392,0.7287252331733703,0.4569
