step,lr,epoch,train_loss,train_acc,val_loss,val_acc
1,0.005,1,0.45659416790008545,0.317,0.45013297567367555,0.3556
2,0.00375,2,0.4048944115161896,0.3933,0.4191933815956116,0.3856
3,0.0012500000000000005,3,0.36308080244064334,0.4679,0.35673326215744017,0.4746
