step,lr,epoch,train_loss,train_acc,val_loss,val_acc
1,0.005,1,2.025518021392822,0.2547,2.0504040170669557,0.2864
