step,lr,epoch,train_loss,train_acc,val_loss,val_acc
1,0.005,1,0.9888860870361328,0.2676,0.9170759291648864,0.3197
