step,lr,epoch,train_loss,train_acc,val_loss,val_acc
1,0.005,1,0.29731458145777384,0.3305,0.47930869420369465,0.2719
