step,lr,epoch,train_loss,train_acc,val_loss,val_acc
1,0.005,1,0.9803912413597107,0.2688,0.979180890750885,0.2854
2,0.00375,2,0.8482298927307129,0.3654,0.8139442605018615,0.3984
3,0.0012500000000000005,3,0.7599944550514222,0.4351,0.7220899463653564,0.4652
