step,lr,epoch,train_loss,train_acc,val_loss,val_acc
1,0.005,1,1.9071545055389405,0.3028,1.797609546470642,0.3593
