step,lr,epoch,train_loss,train_acc,val_loss,val_acc
1,0.005,1,0.29236389713287353,0.342,0.3982997323671977,0.3033
