step,lr,epoch,train_loss,train_acc,val_loss,val_acc
1,0.005,1,1.9858438343048095,0.2676,1.8147175979614258,0.3289
