step,lr,epoch,train_loss,train_acc,val_loss,val_acc
1,0.005,1,0.9072652214050293,0.3193,1.0695385048866273,0.2971
2,0.00375,2,0.7868825956344605,0.4092,0.9094704177856445,0.3689
3,0.0012500000000000005,3,0.717605791759491,0.4733,0.7387629732131958,0.4592
