step,lr,epoch,train_loss,train_acc,val_loss,val_acc
1,0.005,1,1.9124143320083618,0.3342,1.6341981433868409,0.4292
2,0.005,2,1.5718975484848023,0.4442,1.4530820030212401,0.4826
3,0.005,3,1.4487253017425537,0.4935,1.356472504043579,0.5185
