step,lr,epoch,train_loss,train_acc,val_loss,val_acc
1,0.005,1,0.4651783208370209,0.2993,0.48478857946395876,0.3325
2,0.00375,2,0.4047549809932709,0.3958,0.465117667388916,0.3928
3,0.0012500000000000005,3,0.36251763167381285,0.4681,0.3497117046833038,0.4854
