step,lr,epoch,train_loss,train_acc,val_loss,val_acc
1,0.0005,1,0.4444146553675334,0.0,0.3840207655588786,0.1041
2,0.000375,2,0.3787633975346883,0.0,0.38378741245269776,0.1029
3,0.00012500000000000006,3,0.3206998308499654,0.3333333333333333,0.3850085266749064,0.0948
