step,lr,epoch,train_loss,train_acc,val_loss,val_acc
1,0.0005,1,3.577111772467822,0.2634612218014161,4.6804802296897785,0.17626728110599077
