step,lr,epoch,train_loss,train_acc,val_loss,val_acc
1,0.0005,1,0.3735060691833496,0.3333333333333333,0.38434539852142335,0.1265
2,0.000375,2,0.29037290811538696,0.3333333333333333,0.3831631966908773,0.1217
3,0.00012500000000000006,3,0.27092647552490234,0.6666666666666666,0.3855424217859904,0.0993
