step,lr,epoch,train_loss,train_acc,val_loss,val_acc
1,0.005,1,0.4510762673854828,0.3275,0.5131808861732483,0.3399
2,0.00375,2,0.3953789954185486,0.4145,0.4024308013916016,0.4057
3,0.0012500000000000005,3,0.35598728499412535,0.4835,0.3470555853366852,0.4923
