step,lr,epoch,train_loss,train_acc,val_loss,val_acc
1,0.0005,1,0.3806924819946289,0.0,0.3838582815806071,0.0982
2,0.000375,2,0.35103142261505127,0.0,0.3839839888254801,0.0982
3,0.00012500000000000006,3,0.3175468643506368,0.6666666666666666,0.3841712287267049,0.0982
