step,lr,epoch,train_loss,train_acc,val_loss,val_acc
1,0.005,1,2.1846814235687257,0.1746,3.5554687118530275,0.16675
2,0.0049987664009143295,2,2.0527478397369383,0.2128,2.132618423461914,0.17075
3,0.00499506682107068,3,2.0362822732925414,0.2064,2.1648069477081298,0.20275
4,0.004988904911507701,4,2.0102601791381836,0.2228,1.984642807006836,0.2365
5,0.004980286753286196,5,2.027179866027832,0.2184,2.0993386611938476,0.236125
