step,lr,epoch,train_loss,train_acc,val_loss,val_acc
1,0.005,1,0.9127154789924622,0.3155,1.020554619026184,0.3257
2,0.00375,2,0.7878495481491089,0.4154,0.9045485274314881,0.3807
3,0.0012500000000000005,3,0.7120657559394836,0.4767,0.6732533193588257,0.4991
