step,lr,epoch,train_loss,train_acc,train_f1
1,0.001,1,1.272136215215762,0.7167912423515986,0.2476666657569451
2,0.0005,2,0.9369288520255282,0.837432572182419,0.3047184450231201
