step,lr,epoch,train_loss,train_acc,val_loss,val_acc
1,0.005,1,0.9265353032112121,0.3094,0.9022757680892944,0.3559
