step,lr,epoch,train_loss,train_acc,val_loss,val_acc
1,0.005,1,2.2532909118652342,0.179,4.700165344238282,0.141375
2,0.0049987664009143295,2,2.074886057662964,0.2098,3.0043081798553466,0.1915
3,0.00499506682107068,3,2.0869109497070313,0.2026,3.108253849029541,0.145625
4,0.004988904911507701,4,2.034834222412109,0.2152,6.435851287841797,0.17425
5,0.004980286753286196,5,2.042582593536377,0.2148,4.018554405212402,0.189625
