step,lr,epoch,train_loss,train_acc,val_loss,val_acc
1,0.005,1,1.9560572973251342,0.2723,1.8337210872650147,0.3264
