step,lr,epoch,train_loss,train_acc,val_loss,val_acc
1,0.0005,1,3.451548957824707,0.08179347826086956,6.204376500125281,0.025074952303079857
2,0.000375,2,3.1453071158865225,0.13967391304347826,4.413267389179478,0.0585990733169801
3,0.00012500000000000006,3,2.8984405165133267,0.19375,3.1893264784024047,0.13900245298446443
