step,lr,epoch,train_loss,train_acc,val_loss,val_acc
1,0.005,1,1.9764842262268068,0.2595,1.8046278553009034,0.3294
