step,lr,epoch,train_loss,train_acc,val_loss,val_acc
1,0.005,1,0.443436461687088,0.161,0.47362709164619443,0.112
2,0.0045225424859373685,2,0.402829971909523,0.243,0.519266939163208,0.1487
3,0.0032725424859373683,3,0.37491118907928467,0.31,0.5048209315538407,0.1735
4,0.0017274575140626314,4,0.35947211682796476,0.31,0.4331429696083069,0.1844
5,0.0004774575140626316,5,0.3504140466451645,0.323,0.3789166936278343,0.2687
