step,lr,epoch,train_loss,train_acc,val_loss,val_acc
1,0.005,1,0.3189009772618612,0.3335,0.28818745091756187,0.3878
