step,lr,epoch,train_loss,train_acc,val_loss,val_acc
1,0.005,1,1.9144716154098511,0.3336,1.6379073955535888,0.4321
2,0.005,2,1.579429253578186,0.441,1.4730316169738769,0.4912
3,0.005,3,1.4522894760131837,0.4934,1.3692771942138673,0.5206
