step,lr,epoch,train_loss,train_acc,val_loss,val_acc
1,0.0005,1,4.415519577891945,0.08661287666721554,4.884604144206245,0.07258064516129033
2,0.0004995066821070679,2,3.9887865354059633,0.16795652889840276,4.572333163746308,0.09178187403993855
3,0.0004980286753286195,3,3.7459122623071117,0.21241561007739174,4.011096866449453,0.17665130568356374
4,0.0004955718126821722,4,3.5866823303587605,0.2581919973653878,4.480436995282151,0.16705069124423963
5,0.0004921457902821578,5,3.4021568507981734,0.28931335419068005,4.23136625641502,0.1674347158218126
