step,lr,epoch,train_loss,train_acc,val_loss,val_acc
1,0.005,1,0.9961908798217773,0.2538,0.9258555972099304,0.3028
2,0.00375,2,0.8506415781021118,0.3683,0.9650268045425415,0.3098
3,0.0012500000000000005,3,0.777670396900177,0.418,0.7488483767509461,0.4479
