step,lr,epoch,train_loss,train_acc,val_loss,val_acc
1,0.005,1,0.9879964858055115,0.2676,0.9909996471405029,0.2923
2,0.00375,2,0.833107776260376,0.3777,0.9221759185791015,0.3463
3,0.0012500000000000005,3,0.7491905469894409,0.4419,0.7392415653705597,0.4571
