step,lr,epoch,train_loss,train_acc,val_loss,val_acc
1,0.005,1,2.127800166320801,0.2094,2.0986498203277586,0.2455
2,0.00375,2,1.9606816123962403,0.2684,2.162059147834778,0.233875
3,0.0012500000000000005,3,1.8897022190093995,0.2854,2.0087127590179445,0.2425
