step,lr,epoch,train_loss,train_acc,val_loss,val_acc
1,0.005,1,0.29103447891871137,0.3549,0.36680708214441937,0.3383
