step,lr,epoch,train_loss,train_acc,val_loss,val_acc
1,0.005,1,0.9243888752937317,0.3066,0.9381331212997437,0.3408
2,0.0025,2,0.8028398860931396,0.4023,0.80899820728302,0.4087
