step,lr,epoch,train_loss,train_acc,val_loss,val_acc
1,0.0005,1,0.3847657044728597,0.0,0.3837846513748169,0.1
2,0.000375,2,0.3529217640558879,0.6666666666666666,0.38378283030192056,0.1
3,0.00012500000000000006,3,0.3194139202435811,1.0,0.38378504327138263,0.1
