step,lr,epoch,train_loss,train_acc,val_loss,val_acc
1,0.005,1,0.5040516380310058,0.2532,0.48568905243873595,0.3031
2,0.00375,2,0.43374416942596433,0.3474,0.4547889847278595,0.3419
3,0.0012500000000000005,3,0.38451326055526736,0.4238,0.37133684644699094,0.4538
