step,lr,epoch,train_loss,train_acc,val_loss,val_acc
1,0.005,1,0.9841491398811341,0.2728,1.1182477432250977,0.3178
2,0.00375,2,0.8515199264526367,0.3671,0.8044152911186219,0.4013
3,0.0012500000000000005,3,0.7580463574409485,0.44,0.7158987941741943,0.4704
