step,lr,epoch,train_loss,train_acc,val_loss,val_acc
1,0.005,1,1.9238086906433105,0.2851,1.827544829940796,0.3332
