step,lr,epoch,train_loss,train_acc,val_loss,val_acc
1,0.005,1,0.2984622871398926,0.3299,0.32615042311350506,0.3059
