step,lr,epoch,train_loss,train_acc,val_loss,val_acc
1,0.005,1,0.30735382404327394,0.3109,0.4695499150594076,0.274
