step,lr,epoch,train_loss,train_acc,val_loss,val_acc
1,0.005,1,0.3258916635513306,0.2919,0.3080290214856466,0.3349
