step,lr,epoch,train_loss,train_acc,val_loss,val_acc
1,0.005,1,1.9968394493103028,0.2571,1.8435481239318847,0.3127
2,0.0037500000000000597,2,1.7504867534637452,0.3471,1.7142211240768432,0.3678
3,0.0012500000000000276,3,1.6081582265853882,0.4001,1.6209311079025268,0.3993
