step,lr,epoch,train_loss,train_acc,val_loss,val_acc
1,0.005,1,0.968474224281311,0.2777,0.9802799070358277,0.2901
2,0.00375,2,0.8264246896743774,0.3916,0.7962257556915283,0.4294
3,0.0012500000000000005,3,0.7292552433013916,0.4614,0.6970814496040344,0.4969
