step,lr,epoch,train_loss,train_acc,val_loss,val_acc
1,0.005,1,0.30441198081970217,0.3132,0.3435727142969767,0.3155
