step,lr,epoch,train_loss,train_acc,val_loss,val_acc
1,0.0005,1,5.2402140630485965,0.01412082514734774,5.195486450740879,0.014301703768188036
2,0.000375,2,5.0243936727932255,0.02468074656188605,5.089193340558167,0.023131451312025868
3,0.00012500000000000006,3,4.828298825411993,0.040520628683693515,4.935099536455503,0.036686979231438877
