step,lr,epoch,train_loss,train_acc,val_loss,val_acc
1,0.005,1,0.2964532968521118,0.3345,0.30754440596898397,0.3707
