step,lr,epoch,train_loss,train_acc,val_loss,val_acc
1,0.005,1,1.7755293867111206,0.3374,1.6914803134918213,0.3762
2,0.00375,2,1.5332481483459472,0.4373,1.5306237171173096,0.4487
3,0.0012500000000000005,3,1.3639568670272828,0.5055,1.3390830198287964,0.5084
