step,lr,epoch,train_loss,train_acc,val_loss,val_acc
1,0.005,1,0.2933505205154419,0.357,0.4360896734237671,0.2892
