step,lr,epoch,train_loss,train_acc,val_loss,val_acc
1,0.005,1,0.984001841545105,0.2743,1.02204946975708,0.3546
