step,lr,epoch,train_loss,train_acc,val_loss,val_acc
1,0.005,1,1.9880438934326172,0.2666,1.9090894992828369,0.2884
2,0.00375,2,1.7125604804992676,0.3624,1.73273787651062,0.3797
3,0.0012500000000000005,3,1.540941088294983,0.4264,1.564070545387268,0.415
