step,lr,epoch,train_loss,train_acc,val_loss,val_acc
1,0.0005,1,0.3932654062906901,0.0,0.3837923530578613,0.0982
2,0.000375,2,0.3689666986465454,0.6666666666666666,0.38379570515950523,0.0982
3,0.00012500000000000006,3,0.3529581626256307,1.0,0.38380361550649006,0.0982
