step,lr,epoch,train_loss,train_acc,val_loss,val_acc
1,0.005,1,2.1145993236541747,0.2614,2.3135200634002686,0.154625
2,0.0049987664009143295,2,1.8527322414398193,0.3422,1.8718493537902832,0.314125
3,0.00499506682107068,3,1.7485731273651124,0.367,1.8236857643127442,0.319625
4,0.004988904911507701,4,1.6872533399581908,0.3796,1.7132708215713501,0.364125
5,0.004980286753286196,5,1.6274038021087647,0.4096,1.6734311037063598,0.386375
