step,lr,epoch,train_loss,train_acc,val_loss,val_acc
1,0.005,1,0.3179436664581299,0.3461,0.2983595340092977,0.3765
