step,lr,epoch,train_loss,train_acc,val_loss,val_acc
1,0.005,1,0.938939710521698,0.287,0.8964049731254577,0.3362
2,0.0025,2,0.8117507782936096,0.3918,0.8468112758636475,0.3713
