step,lr,epoch,train_loss,train_acc,val_loss,val_acc
1,0.005,1,0.30016113233566283,0.3578,0.3991068874359131,0.3002
