step,lr,epoch,train_loss,train_acc,val_loss,val_acc
1,0.0005,1,5.908235637283325,0.2968,,
2,0.0004999691581204152,2,2.69039647026062,0.3834,3.0408075008392332,0.3922
3,0.0004998766400914329,3,2.1352155277252196,0.4407,,
4,0.0004997224687404926,4,2.0070264400482176,0.4657,2.169754959106445,0.4822
5,0.0004995066821070679,5,1.7641517532348632,0.4994,,
