step,lr,epoch,train_loss,train_acc,val_loss,val_acc
1,0.005,1,0.4385016431331635,0.3514,0.7718938133239747,0.2741
2,0.00375,2,0.37322241110801696,0.4562,0.3762848791122437,0.4648
3,0.0012500000000000005,3,0.3364722443580627,0.5172,0.319746479845047,0.5379
