step,lr,epoch,train_loss,train_acc,val_loss,val_acc
1,0.005,1,0.9160556219100953,0.311,0.8726314655303955,0.3482
2,0.00375,2,0.780179840183258,0.421,0.7734286602020264,0.4354
3,0.0012500000000000005,3,0.7087228785514832,0.4801,0.6822664630889893,0.49
