step,lr,epoch,train_loss,train_acc,val_loss,val_acc
1,0.005,1,1.962128074836731,0.2702,1.8419282161712647,0.3124
2,0.00375,2,1.697011499595642,0.3628,1.793596608352661,0.3571
3,0.0012500000000000005,3,1.5260473705291748,0.4293,1.4846684366226197,0.4416
