step,lr,epoch,train_loss,train_acc,val_loss,val_acc
1,0.005,1,0.3190437429110209,0.3256,0.30470251111984253,0.3411
