step,lr,epoch,train_loss,train_acc,val_loss,val_acc
1,0.005,1,0.31984689798355104,0.283,0.3651693222681681,0.2697
