step,lr,epoch,train_loss,train_acc,val_loss,val_acc
1,0.005,1,0.9594101663589477,0.2912,0.948961734008789,0.3023
2,0.0025,2,0.8228420296669007,0.3873,0.7575453286170959,0.436
