step,lr,epoch,train_loss,train_acc,val_loss,val_acc
1,0.005,1,0.29633514245351156,0.333,0.30461897678375244,0.383
