step,lr,epoch,train_loss,train_acc,val_loss,val_acc
1,0.005,1,1.9950470211029052,0.2618,2.174663740539551,0.2771
