step,lr,epoch,train_loss,train_acc,val_loss,val_acc
1,0.005,1,1.9451913970947265,0.2676,15.338603103637695,0.16425
2,0.0049987664009143295,2,1.802708106994629,0.3328,2.420754524230957,0.26225
3,0.00499506682107068,3,1.7264698617935181,0.3552,1.9290161037445068,0.294875
4,0.004988904911507701,4,1.6887346965789796,0.3772,1.7879437799453735,0.340125
5,0.004980286753286196,5,1.6011067581176759,0.4006,2.011882759094238,0.303625
