step,lr,epoch,train_loss,train_acc,val_loss,val_acc
1,0.005,1,0.9194911632537842,0.3074,0.9637390840530395,0.2988
2,0.00375,2,0.7920205761909485,0.4081,0.8708658788681031,0.402
3,0.0012500000000000005,3,0.7124337167739868,0.4786,0.6824274237632751,0.4962
