step,lr,epoch,train_loss,train_acc,val_loss,val_acc
1,0.005,1,0.9558467636108399,0.3404,0.8621318940162659,0.3459
2,0.00375,2,0.7840024689674377,0.4489,0.724024096775055,0.4741
3,0.0012500000000000005,3,0.7147251261711121,0.5061,0.670649885559082,0.5297
