step,lr,epoch,train_loss,train_acc,val_loss,val_acc
1,0.005,1,0.9397714065551758,0.301,1.0141237648010253,0.3151
2,0.00375,2,0.8028871382713317,0.4014,0.749567897605896,0.4531
3,0.0012500000000000005,3,0.7044800882339477,0.481,0.7329042582511902,0.472
