step,lr,epoch,train_loss,train_acc,val_loss,val_acc
1,0.0005,1,0.3834649721781413,0.0,0.38380467637379967,0.0982
2,0.000375,2,0.3784870704015096,0.6666666666666666,0.38380539563496907,0.0982
3,0.00012500000000000006,3,0.37309741973876953,1.0,0.3838057532628377,0.0982
