step,lr,epoch,train_loss,train_acc,val_loss,val_acc
1,0.005,1,1.9642018976211548,0.2712,1.9602917152404784,0.3058
