step,lr,epoch,train_loss,train_acc,val_loss,val_acc
1,0.0005,1,2.1224664052963256,0.2956,,
2,0.0004999691581204152,2,1.8692014148712157,0.376,1.7855416996002198,0.3606
3,0.0004998766400914329,3,1.7056281240463256,0.4293,,
4,0.0004997224687404926,4,1.581861168861389,0.4571,1.5646379474639893,0.4443
5,0.0004995066821070679,5,1.4590698957443238,0.507,,
