step,lr,epoch,train_loss,train_acc,val_loss,val_acc
1,0.005,1,0.2992370495478312,0.3625,0.30840521211624145,0.3647
