step,lr,epoch,train_loss,train_acc,val_loss,val_acc
1,0.005,1,0.3084563152313232,0.3061,0.37808906682332355,0.289
