step,lr,epoch,train_loss,train_acc,val_loss,val_acc
1,0.005,1,0.9918952949523926,0.2619,0.8989667274475097,0.3304
2,0.00375,2,0.832977152633667,0.3765,0.9638815559387207,0.3648
3,0.0012500000000000005,3,0.744745565700531,0.4466,0.7101922214508056,0.4743
