step,lr,epoch,train_loss,train_acc,val_loss,val_acc
1,0.005,1,0.9894600164413452,0.2646,0.9489557508468628,0.303
2,0.00375,2,0.8452425450325012,0.3706,0.8330436444282532,0.3847
3,0.0012500000000000005,3,0.7483121719360352,0.4423,0.7272395768165588,0.4577
