step,lr,epoch,train_loss,train_acc,val_loss,val_acc
1,0.005,1,0.9765465375900269,0.2813,0.9170560062408447,0.3467
