step,lr,epoch,train_loss,train_acc,val_loss,val_acc
1,0.005,1,0.9899339227676391,0.265,0.9049525861740112,0.3034
2,0.00375,2,0.8528023137092591,0.3495,0.8768694883346557,0.3699
3,0.0012500000000000005,3,0.7779317785263061,0.4146,0.7824154921531677,0.4223
