step,lr,epoch,train_loss,train_acc,val_loss,val_acc
1,0.005,1,0.4380367362976074,0.3405,0.5813141129493713,0.3341
2,0.00375,2,0.3746780159473419,0.4524,0.358792382144928,0.4706
3,0.0012500000000000005,3,0.33754899530410765,0.5143,0.329038360452652,0.5244
