step,lr,epoch,train_loss,train_acc,val_loss,val_acc
1,0.005,1,0.29004451484680177,0.355,0.33541502799987793,0.3584
