step,lr,epoch,train_loss,train_acc,val_loss,val_acc
1,0.005,1,0.9278247401237488,0.3067,1.2220062171936035,0.291
