step,lr,epoch,train_loss,train_acc,val_loss,val_acc
1,0.005,1,1.739564483833313,0.3573,2.7591168678283693,0.3164
2,0.00375,2,1.481034931564331,0.4621,1.5797623876571656,0.4367
3,0.0012500000000000005,3,1.3528721633911134,0.5168,1.2929363065719603,0.5327
