step,lr,epoch,train_loss,train_acc,val_loss,val_acc
1,0.005,1,0.32824567661285403,0.2828,0.37779504146575926,0.2859
