step,lr,epoch,train_loss,train_acc,val_loss,val_acc
1,0.005,1,0.3222846291224162,0.2862,0.302148303604126,0.3355
