step,lr,epoch,train_loss,train_acc,val_loss,val_acc
1,0.005,1,0.44233350157737733,0.155,0.4733215457201004,0.1
2,0.0045225424859373685,2,0.40434015095233916,0.265,0.6483917146921158,0.1021
3,0.0032725424859373683,3,0.3758625894784927,0.31,0.5825290280580521,0.1218
4,0.0017274575140626314,4,0.36809788048267367,0.305,0.4073684480786324,0.2409
5,0.0004774575140626316,5,0.35775146782398226,0.341,0.380565684735775,0.2738
