step,lr,epoch,train_loss,train_acc,val_loss,val_acc
1,0.005,1,1.973483277130127,0.2728,1.9002881313323974,0.3288
