step,lr,epoch,train_loss,train_acc,val_loss,val_acc
1,0.005,1,0.32658026701609294,0.2669,0.30728943208058673,0.3205
