step,lr,epoch,train_loss,train_acc,val_loss,val_acc
1,0.005,1,1.9490956233978272,0.2788,4.007147254943848,0.203
2,0.0049987664009143295,2,1.7595220722198486,0.3448,6.352983192443848,0.212
3,0.00499506682107068,3,1.6921169330596924,0.3704,2.4901731491088865,0.2675
4,0.004988904911507701,4,1.6541918270111085,0.3818,4.261924886703492,0.19825
5,0.004980286753286196,5,1.5826027404785157,0.4082,1.7234252815246582,0.363125
