step,lr,epoch,train_loss,train_acc,val_loss,val_acc
1,0.005,1,0.309032621161143,0.3079,0.3223096443494161,0.3254
