step,lr,epoch,train_loss,train_acc,val_loss,val_acc
1,0.005,1,0.31912735795974734,0.3361,0.28997498865127563,0.3637
