step,lr,epoch,train_loss,train_acc,train_f1
1,0.001,1,1.398575314607897,0.7020706884751357,0.23371659343059403
2,0.0005,2,1.1471246803898347,0.7951546315788828,0.25113080400486937
