step,lr,epoch,train_loss,train_acc,val_loss,val_acc
1,0.005,1,1.810932717895508,0.3195,1.7666147548675537,0.3709
2,0.00375,2,1.5978950443267823,0.4034,2.002110431289673,0.358
3,0.0012500000000000005,3,1.4709956981658936,0.4592,1.4202605516433715,0.4756
