step,lr,epoch,train_loss,train_acc,val_loss,val_acc
1,0.005,1,2.228727323150635,0.1744,2.2961224517822267,0.100125
2,0.0049987664009143295,2,2.096910538482666,0.2316,2.0740756797790527,0.216875
3,0.00499506682107068,3,2.0264416309356688,0.242,1.9997285423278808,0.25975
4,0.004988904911507701,4,1.9864008125305175,0.252,1.9670087871551514,0.276375
5,0.004980286753286196,5,1.9782409057617187,0.254,2.061655035018921,0.270375
