step,lr,epoch,train_loss,train_acc,val_loss,val_acc
1,0.005,1,0.988204026222229,0.2663,0.8773135021209717,0.3477
2,0.0025,2,0.8380782915115357,0.373,0.8105048822402954,0.3856
