step,lr,epoch,train_loss,train_acc,val_loss,val_acc
1,0.0005,1,0.3781413237253825,0.0,0.38377627143859866,0.1
2,0.000375,2,0.35450077056884766,0.6666666666666666,0.38377821718851723,0.1
3,0.00012500000000000006,3,0.3290020823478699,1.0,0.3837805377324422,0.1
