step,lr,epoch,train_loss,train_acc,val_loss,val_acc
1,0.0005,1,0.3849905729293823,0.0,0.38376830666859946,0.1
2,0.000375,2,0.37123676141103107,0.6666666666666666,0.3837689973195394,0.1
3,0.00012500000000000006,3,0.3577798207600911,1.0,0.3837694844563802,0.1
