step,lr,epoch,train_loss,train_acc,val_loss,val_acc
1,0.005,1,2.027245391845703,0.2578,1.8851033096313476,0.2881
2,0.0037500000000000597,2,1.7292722927093507,0.349,1.6753017803192138,0.3834
3,0.0012500000000000276,3,1.6602640100479127,0.3846,1.5322985982894897,0.4325
