step,lr,epoch,train_loss,train_acc,val_loss,val_acc
1,0.005,1,0.4356916285991669,0.3631,0.9138002307891846,0.2487
2,0.00375,2,0.3694695172786713,0.4633,0.38822832531929014,0.4248
3,0.0012500000000000005,3,0.33255517282485964,0.523,0.309876536488533,0.5504
