step,lr,epoch,train_loss,train_acc,val_loss,val_acc
1,0.005,1,0.9246279187202454,0.3063,0.9720873714447021,0.3204
2,0.00375,2,0.807938900089264,0.3998,0.8226036705970764,0.4011
3,0.0012500000000000005,3,0.7230698026657104,0.4712,0.7408235974311829,0.4508
