step,lr,epoch,train_loss,train_acc,val_loss,val_acc
1,0.005,1,0.2972163833618164,0.3355,0.3149271512031555,0.3585
