step,lr,epoch,train_loss,train_acc,val_loss,val_acc
1,0.005,1,0.30940358940760293,0.3095,0.3274702814737956,0.3288
