step,lr,epoch,train_loss,train_acc,val_loss,val_acc
1,0.005,1,2.1199341625213624,0.2142,2.572254249572754,0.1695
2,0.00375,2,1.910087661933899,0.2748,1.9865769672393798,0.281875
3,0.0012500000000000005,3,1.8296889102935792,0.3094,1.8521698379516602,0.297625
