step,lr,epoch,train_loss,train_acc,val_loss,val_acc
1,0.005,1,0.29971419111887615,0.3513,0.34799674793879193,0.3659
