step,lr,epoch,train_loss,train_acc,val_loss,val_acc
1,0.005,1,0.2998498583475749,0.3617,0.3329430990219116,0.3404
