step,lr,epoch,train_loss,train_acc,val_loss,val_acc
1,0.005,1,0.9256930941581726,0.3012,0.9071096202850342,0.3548
2,0.00375,2,0.8125650247573852,0.3933,0.9527122226715088,0.3462
3,0.0012500000000000005,3,0.7389038750648499,0.449,0.736174951839447,0.455
