step,lr,epoch,train_loss,train_acc,val_loss,val_acc
1,0.005,1,0.9345588008880615,0.3012,0.943213249874115,0.3422
