step,lr,epoch,train_loss,train_acc,val_loss,val_acc
1,0.005,1,2.001286771774292,0.2824,2.1145790576934815,0.2195
2,0.0049987664009143295,2,1.7743174255371095,0.3492,2.2734777488708495,0.25275
3,0.00499506682107068,3,1.694561024093628,0.3766,1.7905313205718993,0.333625
4,0.004988904911507701,4,1.6466071889877318,0.3952,1.9540738897323608,0.329375
5,0.004980286753286196,5,1.5938507246017457,0.4164,2.4741636428833007,0.2615
