step,lr,epoch,train_loss,train_acc,val_loss,val_acc
1,0.005,1,0.2959606106440226,0.3447,0.3426489957173665,0.3468
