step,lr,epoch,train_loss,train_acc,val_loss,val_acc
1,0.005,1,0.3100331222216288,0.3049,0.307573680973053,0.3671
