step,lr,epoch,train_loss,train_acc,train_f1,mixup_e
1,0.001,1,1.127219658468264,0.7810180165687688,0.2667831249831592,true
2,0.0008535533905932737,2,0.7915350703960639,0.8746845130724732,0.32684515311493845,true
3,0.0005,3,0.6201134300640432,0.9356757002133551,0.49019743998452914,false
4,0.00014644660940672628,4,0.4560165859742281,0.9574878569158836,0.5309765004353745,false
