step,lr,epoch,train_loss,train_acc,val_loss,val_acc
1,0.0005,1,0.38485856850941974,0.0,0.38381783924102786,0.0982
2,0.000375,2,0.37254126866658527,0.3333333333333333,0.3838207622528076,0.0982
3,0.00012500000000000006,3,0.3596629699071248,1.0,0.3838248245239258,0.0982
