step,lr,epoch,train_loss,train_acc,val_loss,val_acc
1,0.005,1,0.29246307589213055,0.3599,0.35085375270843505,0.3176
