step,lr,epoch,train_loss,train_acc,val_loss,val_acc
1,0.005,1,2.177019679450989,0.184,2.11671941947937,0.24675
2,0.0049987664009143295,2,2.0265611194610598,0.2384,2.7048602638244628,0.17925
3,0.00499506682107068,3,1.9863569900512694,0.2518,3.150518787384033,0.1905
4,0.004988904911507701,4,1.962905753326416,0.262,2.2367280044555664,0.2175
5,0.004980286753286196,5,1.956693014907837,0.2578,2.1777599239349366,0.267375
