step,lr,epoch,train_loss,train_acc,val_loss,val_acc
1,0.0005,1,0.42751216888427734,0.0,0.3838134531021118,0.1
2,0.000375,2,0.36569050947825116,0.3333333333333333,0.38380575625101726,0.1
3,0.00012500000000000006,3,0.30313587188720703,0.6666666666666666,0.38384141082763673,0.1
