step,lr,epoch,train_loss,train_acc
1,0.0005,1,0.3829198039372762,0.106
2,0.0004999996915749259,2,0.37699903361002607,0.188
3,0.0004999987663004646,3,0.37261373964945477,0.196
4,0.000499997224178899,4,0.36841795031229657,0.23
5,0.0004999950652140343,5,0.3649108257293701,0.258
