step,lr,epoch,train_loss,train_acc,val_loss,val_acc
1,0.005,1,1.809500864982605,0.3156,2.0399028926849367,0.2879
2,0.00375,2,1.5389720596313476,0.427,1.6044829278945922,0.4042
3,0.0012500000000000005,3,1.3750061010360717,0.493,1.3308938789367675,0.5132
